Total Count,Total Area,Average Area,Maximum Area,Minimum Area
10000,25030733.66941007,2503.0733669409874,9874.610465755648,0.0643602289153509
